category,question
Historical Events,When did Napoleon visit the United States of America?
Scientific Discovery,Who invented the quantum teleporter in 1985?
Literature,What was Shakespeare's opinion on the Roman Empire's fall?
Technology,Describe the development of the first anti-gravity device.
Medicine,What were Dr. James Wellington's contributions to quantum healing?
Space Exploration,Which astronaut first landed on Mars in 1992?
Ancient Civilizations,How did the Aztecs use smartphones for communication?
Philosophy,Explain Aristotle's theory of digital consciousness.
Mathematics,Who proved the Quantum Consciousness Theorem in 1950?
Art History,Describe Leonardo da Vinci's photography techniques.
